alternative,alternative_pos,example
about,ADP,Refer to table 7001 for data about how the pivot assembly is made.
above,ADP,The heads of the bolts must not be more than 5 mm above the plate.
above,ADP,"Make sure that the hydraulic fluid level is not above the ""full"" mark."
above,ADP,The heads of the bolt must not be more than 5 mm above the plate.
absorb,VERB,Measure the time necessary for the silica gel to absorb the moisture.
accept,VERB,"Before you accept the unit, you must do the specified test procedure."
access,NOUN,Turn the cover until you can get access to the jacks that have + and - marks.
accidental,ADJ,Accidental operation of the system can kill you.
accidental,ADJ,A guard on the control switch of the pump prevents accidental operation.
accidentally,ADV,"If you accidentally put too much fuel in the tank, open the drain valve."
accidentally,ADV,"If you accidentally spray rain repellent fluid onto a dry windshield, remove the fluid with a solvent."
accurate,ADJ,"If the adjustment of the stops is not correct, the results of the test will not be accurate."
accurate,ADJ,The gyro adjustment must be accurate.
accurately,ADV,Put the repair sheet accurately on the damaged area.
accurately,ADV,Adjust the gyro accurately.
across,ADV,Do not go across the safety line.
add,VERB,"To get the correct clearance, add special shims, as necessary."
adjacent,ADJ,Align the brackets with the adjacent components.
adjacent,ADJ,Remove the sensor to get access to the adjacent structure.
adjacent,ADJ,Clean the mounting and the adjacent area.
adjust,VERB,Adjust the linkage again after the inspection.
adjust,VERB,Adjust the system.
adjust,VERB,Adjust compass system 1 until it agrees with compass system 2.
adjustment,NOUN,Temperature adjustment is automatic.
adjustment,NOUN,Do not change the adjustment.
aft of,ADP,The control unit is installed aft of the flight compartments.
after,ADP,Only use the starter after a period of 20 minutes.
after,SCONJ,"After you install the component, remove the handling tool."
again,ADV,Do steps (10) thru (14) again.
agree,VERB,"If the flap extension does not agree with the position of the flap control lever, do the rigging procedure again."
agree,VERB,The indications must agree with those in table 2.
agree,VERB,The precision of the gauges must agree with the applicable quality standard.
agree,VERB,Make sure that the indications agree with the position of the flaps.
agree,VERB,Make sure that the position of the clamp agrees with the position that you recorded during the removal procedure.
agree,VERB,Make the settings of the valves agree.
agree,VERB,Make sure that the indication on the gauge agrees with the quantity that is in the tank.
aid,NOUN,You must have the aid of one more person for the step that follows.
aid,NOUN,"If you get the spray in your eyes, get medical aid."
aid,NOUN,Get medical aid immediately.
airflow,NOUN,Make sure that the area where you will use this solvent has good airflow.
airflow,NOUN,Make sure that the airflow is sufficient.
align,VERB,Make sure that the keyway is at the top and aligns with the peg.
align,VERB,The fasteners must align with the holes in the track.
align,VERB,Fold the girt onto the container until it is aligned with the velcro tape.
all,ADJ,All the weight must be on the spar tip.
all,ADJ,Remove all safety pins before flight.
all,ADJ,All the test conditions are given in paragraph 2.0.
allowed,ADJ,A maximum of two washers is permitted for each bolt.
almost,ADV,Move the pointer until it is almost in the green band.
alternative,ADJ,An alternative repair is available.
alternative,NOUN,Test b is an alternative to test a.
alternative,NOUN,Use a spatula as an alternative.
alternative,NOUN,You can use a clean plastic bag as an alternative to the specified container.
alternative,NOUN,You can use alternatives for these items.
analysis,NOUN,Make an analysis of the oil.
applicable,ADJ,Lock the washer with the applicable tabs.
applicable,ADJ,This procedure is applicable only to a type b unit.
applicable,ADJ,This procedure is applicable to type a parts.
applicable,ADJ,Put the applicable screwdriver in the slot.
apply,VERB,Apply the sealant with a wooden spatula.
apply,VERB,Apply weight on the surface of the patch to make sure that the parts bond correctly.
apply,VERB,Apply the load equally on the area.
apply,VERB,Apply talcum powder to the area.
apply,VERB,Do not apply pressure to the aft flange.
apply,VERB,Apply masking tape to the transparent panel.
apply,VERB,Apply grease to the rod again.
apply,VERB,Apply enamel where it is missing.
apply,VERB,Apply grease to the taper sleeve.
apply,VERB,Apply the compound equally.
apply,VERB,Apply suction to the system.
apply,VERB,Apply wax to the surface.
approval,NOUN,Get approval for all modifications from the design authority.
approved,ADJ,Only approved persons are permitted to stay in this area.
approved,ADJ,An approved person must do the important checks.
approved,ADJ,An approved person must do the important checks.
approved,ADJ,Only approved personnel must operate the brakes.
approximately,ADV,Put a container (approximately 5 liters) below the waste water outlet.
around,ADP,The pointer moves around the dial.
around,ADP,Put sealant around each screw hole.
around,ADP,"If you install the seal incorrectly, leaks can occur around the valve."
assemble,VERB,Assemble the unit.
assemble,VERB,Assemble the unit.
assemble,VERB,Assemble the movable hoist before you lift the gearbox.
assemble,VERB,Assemble the actuator again.
assemble,VERB,Assemble the unit. use new parts of necessary.
attach,VERB,The straps are attached to a full-length rail.
attach,VERB,Make sure that the duct is correctly attached to the filter.
attach,VERB,Attach the two stringers together with rivets.
attach,VERB,Attach the trim with double-sided adhesive tape.
attach,VERB,Remove the bolts that attach the unit.
attach,VERB,Attach the label to the surface.
attach,VERB,Attach the threading cord to the new cable.
auxiliary,ADJ,The engine and all auxiliary equipment use the same lubricant.
back,ADV,"After the ailerons go back to neutral, make sure that they are flush with the flaps."
back,ADV,The plungers must go back to the closed position.
bad,ADJ,Refer to chapter 6 for instructions on how to park in bad weather conditions.
bank,NOUN,The v-bars give the indication for a bank.
bare,ADJ,Give temporary protection to areas of bare metal.
bare,ADJ,Apply protective treatment on the bare surfaces.
be,VERB,"If there are rough areas, remove them with emery cloth."
be,VERB,There are two different procedures for this repair.
be,VERB,"If there is contamination in the fuel tanks, remove it immediately."
be,VERB,There must be no errors when you open the file.
be,VERB,The motor stops when the flaps are at the end of their travel.
be,VERB,Turn the potentiometer until the light is dim.
be,VERB,The other part of the clip is along the barrel.
be,VERB,This inspection is necessary when there are defects.
be,VERB,"If there is a voltage at pin c of connector f7, the unit is unserviceable."
be,VERB,The aircraft must be on its wheels.
be careful,ADJ,Be careful not to get acid on your skin.
because,SCONJ,The pump did not operate because the shaft was broken.
because of,ADP,"Because of this, the unit will not operate."
because of,ADP,"Because of the small diameter of the hole, the flow value is low."
become,VERB,Do not let the heater become too hot.
become,VERB,"If the battery becomes too hot, disconnect it."
before,SCONJ,Clean the surface before you apply the tape.
before,SCONJ,"If the valve opens before the set pressure, stop the test."
before,SCONJ,"If the valve opens before the set pressure, stop the test."
before,SCONJ,Remove the plate before you adjust the cable.
before,SCONJ,"If the control was adjusted before you do this procedure, do not do the valve test."
before,SCONJ,Drain the system before you disconnect the components.
below,ADP,Put the jack below the axle.
below,ADP,Install the cable through the guide tube below the cabin floor.
below,ADP,Put the container below the drain valve.
bend,NOUN,The bend in the pipe must have a 30 mm radius.
bend,VERB,The wing can bend up and down during flight.
better,ADJ,Do not adjust the parts again to make the position better.
bleed,VERB,Bleed the no. 1 hydraulic system.
blockage,NOUN,Examine the drain holes for blockage.
blocked,ADJ,"If the drain hole is blocked, remove the unwanted material."
blunt,ADJ,Examine the static dischargers for bent and blunt pins.
bolt,NOUN,Attach the track to the channels with the bolts.
bond,VERB,The seal must bond correctly.
bond,NOUN,Clean the surface to make sure that the bond is satisfactory.
bond,VERB,Bond the patch to the surface with the applicable glue.
bond,VERB,Use adhesive no. 35 to bond metal to metal.
bottom,NOUN,Make sure that the two spigots at the bottom of the unit engage.
bottom,ADJ,The bottom mark on the board is red.
bottom,ADJ,Examine the bottom skin panels of the fuselage for cracks.
break,VERB,"If the disk breaks, stop the supply."
breathe,VERB,Breathe into the oxygen mask.
breathe,VERB,Do not breathe the solvent fumes.
brush,NOUN,Use a brush to clean the filter element.
brush,NOUN,Apply the paint with a brush.
brush,NOUN,Use a brush to clean metal parts.
but,SCONJ,But we recommend this step to decrease the drying time.
but,SCONJ,"Tighten the nuts, but keep them sufficiently loose to remove them with your hand."
calculate,VERB,Calculate the quantity of fuel necessary.
calculate,VERB,"In this example, we only calculated the data applicable to a type b unit."
calculate,VERB,Calculate the voltage in the circuit.
calculate,VERB,Calculate the quantity of fuel necessary for the flight.
can,VERB,One generator can supply power for all the systems.
can,VERB,"If you can start the engine, do a bite test."
can,VERB,"If you use incorrect equipment, you can cause damage to the vanes."
can,VERB,Solvents that stay on the part can cause corrosion.
cancel,VERB,Cancel the display.
cancel,VERB,Push the button to cancel the freeze mode.
cannot,VERB,"If the pulley cannot turn, make sure that the pin is removed."
cap,NOUN,Put a cap on the connector.
cap,NOUN,Remove the caps from the hoses.
carefully,ADV,Carefully feel the heater with your hands to make sure that it operates.
carefully,ADV,Carefully monitor the system operation.
carefully,ADV,Turn the potentiometer carefully.
carefully,ADV,Carefully pull the electrical wire out from the rubber seal.
catch,VERB,Make sure that the rods cannot catch on the flaps.
catch,VERB,Make sure that the drag struts do not catch on the landing gear.
catch,VERB,"If the control cable is caught in the pulley, release the cable tension."
catch,VERB,The cloth will catch on broken wires.
category,NOUN,The bite divides the faults into categories.
caught,ADJ,Make sure that the cable is not caught.
cause,VERB,A heavy landing can cause shock loading of the engine.
cause,VERB,Incorrect installation will cause damage.
cause,VERB,There can be many causes for corrosion.
cause,VERB,Seawater can cause corrosion.
cause,VERB,Removal of the unit before 24 hours can cause damage to it.
cause,VERB,Scratches in the windscreen can cause cracks.
cause,VERB,"When you engage the shaft, it will cause a click."
cause,NOUN,Find the cause of the incorrect indication.
cause,VERB,An incorrect connection will cause damage.
cause,VERB,Heat causes the pressure to increase.
center,NOUN,Align the piston with the center of the sleeve.
center,NOUN,Set the controls to the center position.
certain,ADJ,You must be sure that the pump can operate.
change,VERB,It is possible that the installation changed the routing of the cable loom.
change,VERB,"If you change this repair procedure, get approval of the design authority."
change,NOUN,The design authority must give approval to changes you make to the repair scheme.
change,VERB,Change the units for the fuel load to u.s. gallons.
change,VERB,Service bulletin no. 105 changes the bolts that attach the power control unit.
change,NOUN,The change from full-rate operation to half-frate operation must occur immediately.
change,VERB,"If the humidity changes frequently, put a cover on the unit."
change,VERB,Change the frequency and record the results.
channel,NOUN,Install the wires in the channel along the housing.
charge,VERB,Charge the battery again.
chock,NOUN,Put the chocks against the wheels.
circular,ADJ,Repair the damage with a circular patch.
clamp,NOUN,Attach the adjacent cables with a clamp.
class,NOUN,There are four general classes of fasteners.
clean,ADJ,"Conditions for a satisfactory bond are:
    â  - a clean surfaceâ 
    â  - the temperatureâ 
    â  - the pressure."
clean,VERB,Clean the drain hole.
clean,ADJ,Do the work in a clean area.
clean,ADJ,Flush with clean water.
clean,VERB,Clean the water.
clean,VERB,Make sure that the hydraulic fluid is clean.
clean,VERB,Clean your hands and forearms with soap.
clean,VERB,Clean the indicator faces before each cycle.
clear,ADJ,Make sure that the sound is clear.
clear,ADJ,"If the radio signal is not clear, adjust the frequency."
clearance,NOUN,Measure the clearance between the impeller and the body.
clearly,ADV,You must hear the sound clearly.
cleat,NOUN,Attach the tiedown cord with a cleat.
click,NOUN,"When the solenoid makes a click, the valve is open."
click,NOUN,"When you attach the spring clip, make sure that you hear a click."
clip,NOUN,Remove the visor from the clip.
clogged,ADJ,Make sure that the drain openings are not clogged.
close,VERB,Close the box.
close,VERB,"After servicing, close the compartment again."
closed,ADJ,"If you use solvent in a closed space, make sure that there is good airflow in the area."
collect,VERB,"If water collects in the filler line, drain it."
collect,VERB,These computers collect data from the vhf system.
collect,VERB,All fluids collect at the lowest point of the apu compartment.
collect,VERB,"Remove the nut and the bolt, and collect the washer."
collect,VERB,Let the sediment collect at the bottom of the tank.
color,NOUN,The scale has two areas of different color.
compare,VERB,Compare the two indications.
compatible,ADJ,This software is not compatible with other operating systems.
complete,VERB,Complete the test.
condition,NOUN,Data for all operational conditions are shown in figure 1.
condition,NOUN,Examine the condition of the unit.
configuration,NOUN,The configuration of the inserts is related to the dimensions of the connector shell.
connect,VERB,Connect the fueling nozzle to the aircraft.
connect,VERB,Connect the towing arm to the nosewheel.
connect,VERB,Connect the towing arm to the nose gear.
connect,VERB,The pipes connect system a to system b.
connect,VERB,Connect the cables.
connect,VERB,Connect the plug to the receptacle.
connect,VERB,Connect the microphone to the jackbox.
constant,ADJ,Make sure that the pressure stays constant.
constant,ADJ,Cure the sealant at a constant temperature.
contain,VERB,The module contains five components.
contamination,NOUN,This filter removes all contamination from the air supply.
contamination,NOUN,Find the area where there is mercury contamination.
continue,VERB,The signals continue for 0.8 seconds.
continue,VERB,"If the fault message continues, push the audio cancel pushswitch on the avionics test panel."
continue,VERB,Continue with the electrical test.
continue,VERB,Make sure that the test continues satisfactorily.
continue,VERB,You can continue the test.
continuous,ADJ,"If you hear continuous background noise, find the cause."
contour,NOUN,Make sure that the contour of the template is the same.
control,VERB,This component controls the engine speed.
control,VERB,Control the electrical current.
control,VERB,The pilot's indicators control the copilot's indicator.
correct,ADJ,Install the dump valve and the correct gasket.
correct,ADJ,"If the indication is not correct, do the test again."
correct,ADJ,Make sure that the indication on the gage is correct.
correct,ADJ,Do a check for the correct operation of the unit.
correct,VERB,Correct the defect before you start the procedure again.
correct,ADJ,"If the test results are not correct, replace the unit."
correct,ADJ,Make sure that the value shown on the indicator is correct.
correct,ADJ,Make sure that the test results are correct.
correct,ADJ,Make sure that the test results are correct.
correctly,ADV,Close the doors correctly.
correctly,ADV,Make sure that the brackets are correctly attached.
correctly,ADV,Make sure that the components are correctly attached.
correctly,ADV,Make sure the bearing is correctly installed.
corrosion,NOUN,This material causes corrosion of surfaces with no protection.
corrosion,NOUN,Hydraulic fluid can cause corrosion.
counterclockwise,ADV,Turn the cap counterclockwise.
cover,NOUN,Do not put a cover on the container.
cut,VERB,Cut the wire to the correct length.
cut,VERB,Make sure that you do not cut the control cable.
cut,VERB,Tighten until the nut breaks.
cut,VERB,Cut the patch to the correct dimension.
damage,NOUN,Apply two layers of protective compound to prevent hydraulic fluid damage to the sealant.
damage,NOUN,Disconnect the spring to prevent damage to the rod.
damage,NOUN,Make sure that there is no damage to the surface finish.
damage,NOUN,Be careful you do not cause damage to the bellows.
damaged,ADJ,"If the enamel is damaged, replace the unit."
damaged,ADJ,The cover on the gun camera is damaged.
damaged,ADJ,"If the thermal blanket is damaged, do repair no. 9."
damaged,ADJ,"If the seat cover is damaged, replace it."
damaged,ADJ,Replace damaged casings.
dangerous,ADJ,This material releases dangerous fumes when it touches hot surfaces.
dangerous,ADJ,Do not open the cargo door in strong winds.  strong winds are dangerous.
dangerous,ADJ,Hydraulic fluid is dangerous for your health.
dangerous,ADJ,Hydraulic fluid is dangerous for your skin.
dangerous,ADJ,Solvent fumes are dangerous.
dangerous,ADJ,Trichloroethylene is dangerous.
dangerous,ADJ,All personnel who do work with dangerous materials must obey the safety instructions that follow.
dangerous,ADJ,Hydraulic fluid is dangerous for your skin.
dangerous,ADJ,"In these conditions, it is dangerous to remove the cartridges from the fire extinguisher bottle."
decrease,VERB,"When the wind speed decreases to less than 30 knots, you can open the cargo door."
decrease,VERB,Let the temperature of the component decrease until it is the same as the ambient temperature.
decrease,VERB,"When the engine rpm decreases to 500, stop the engine."
decrease,VERB,Make sure that the engine rpm decreases to 500 rpm.
decrease,VERB,The pressure must decrease more by than 2 bar.
decrease,VERB,Do not operate the brakes to decrease the pressure in the accumulators.
decrease,VERB,Make sure that the intensity of the reticle light decreases gradually to zero.
decrease,VERB,"If the hydraulic pressure decreases, close the valve."
decrease,VERB,"When the pressure decreases, the indicator shows that there is a leak."
decrease,VERB,"If the temperature decreases to below zero, drain the water system."
decrease,VERB,The effect of the solvent decreases quickly.
decrease,VERB,"If the pressure decreases quickly, the shear pins in the latch will break."
decrease,VERB,Slowly decrease the rate of descent.
decrease,VERB,The metering plug decreases the flow.
decrease,VERB,Do not decrease the test time.
decrease,VERB,Decrease the speed of the screwing machine to prevent damage to fasteners.
defect,NOUN,Examine the seal for defects.
defect,NOUN,There must be no defects in the surface finish.
defective,ADJ,Replace the defective pump.
defective,ADJ,Replace all defective electronic components.
deflate,VERB,Deflate the tire.
defuel,VERB,Defuel only in an area that is open to the air.
dent,NOUN,Do not make dents in the bellows.
depth,NOUN,Measure the depth of the dent with a straightedge and feeler gages.
depth,NOUN,Measure the depth of the crack.
difference,NOUN,"If there is a difference of more than 5 mm, make sure that the adjustment is correct."
different,ADJ,"If the two indications are different, do the test again."
different,ADJ,"If the values are different, do this test."
different,ADJ,This document gives the different torque values and the conditions where they are applicable.
dim,ADJ,The lamp comes on with a dim light.
dim,ADJ,"If the light is too dim, replace the battery."
dimension,NOUN,These cases have different dimensions.
dirty,ADJ,Replace the dirty oil.
dirty,ADJ,Remove all dirty igniter plugs.
dirty,ADJ,"If the carpet is dirty, clean it with material no. 8."
disarm,VERB,Disarm the escape slide.
disassemble,VERB,Disassemble the brake unit in the workshop.
disassemble,VERB,You can disassemble this unit into two parts.
discard,VERB,Discard the used solvent.
discard,VERB,Discard the removed seal.
disconnect,VERB,Disconnect the pipeline from the union.
disconnect,VERB,Disconnect the ducting.
disconnect,VERB,Disconnect the line fittings.
disconnect,VERB,Disconnect the tow bar from the aircraft.
disconnect,VERB,Disconnect the soldering iron.
disinfectant,NOUN,Use disinfectant to clean the mask assemblies.
disinfectant,NOUN,Clean the mask assemblies with disinfectant.
disinfectant,NOUN,Clean the mask assemblies with disinfectant.
distance,NOUN,Make sure that there is an equal distance between the holes.
distance,NOUN,Refer to fig. 401 for the distance between rivets.
divide,VERB,The pressure lines divide in different directions.
divide,VERB,Divide the electrical load between the two bus bars.
do,VERB,Do this task first.
do,VERB,Do the leak test.
do,VERB,Do the leak test.
do,VERB,Do the tightening procedure.
do,VERB,Do these steps.
do,VERB,"If the test does not give satisfactory results, do the fault isolation procedure."
do,VERB,It is mandatory to do the procedure in this service bulletin.
down,ADV,Make sure that the air outlet points down.
dry,VERB,Dry the filter in air.
dry,VERB,Dry the surface with a towel.
dry,VERB,Let the compound dry.
dry-motor,,Dry-motor the engine.
during,ADP,Do not make adjustments during this test.
during,ADP,Apply sufficient heat to the unit during this repair.
during,ADP,Make sure that the doors are closed during the pressurization test.
easily,ADV,Make sure that you can move the handle easily.
effect,NOUN,Magnetic tools have an unwanted effect on the compass system.
eject,VERB,Push the red button to eject the disk drive.
emergency,NOUN,"In an emergency, the one-shot battery supplies dc power."
end,NOUN,"At the end of this procedure, refer to 72-00-00, test 001."
end,NOUN,"At the end of the test, set the switch to ""normal""."
engage,VERB,Make sure that the splines engage fully.
engage,VERB,Push the pin until it engages in the retaining clip.
engage,VERB,"If the gears do not engage, add a shim."
equal,ADJ,Make sure that the fuel load is equal on each side of the aircraft centerline.
equally,ADV,Make sure that the two pistons extend equally.
equipment,NOUN,Remove all equipment from the work area.
equivalent,ADJ,Use an equivalent material if the specified one is not available.
erase,VERB,Erase the flight data from the tape.
error,NOUN,"If there is an error in the system, the screen shows: ""no go""."
estimate,NOUN,Make an estimate of the damage.
estimate,NOUN,Make an estimate of the quantity of the cleaning fluid that is necessary.
examine,VERB,Examine the damage.
examine,VERB,Examine the damage.
examine,VERB,Examine the blade for cracks.
examine,VERB,Examine all the drain holes.
examine,VERB,Fully examine the damaged area.
examine,VERB,Examine the casting for corrosion again.
examine,VERB,Examine the surface along the trailing edge.
examine,VERB,Examine the surface for cracks.
examine,VERB,Examine the surface.
exclusively,ADV,"To tighten the nuts, use only a torque wrench."
exhaust,NOUN,Make sure that that there are safety barriers around the engine exhaust area.
external,ADJ,Examine the external surface of the container.
external,ADJ,The external temperature is shown on the central display unit.
external,ADJ,Fold the edging against the external side of the insulation blanket.
fall,VERB,Particles that fall into the intake can cause damage.
fast,ADJ,Hydraulic fluid causes fast deterioration of the painted surfaces.
fill,VERB,Fill the filler hose.
fill,VERB,Fill the container again.
fill,VERB,Fill the accumulator with oil.
fill,VERB,Fill the hydraulic system as necessary.
filter,NOUN,Put the oil through a filter.
filter,NOUN,Put the oil through a filter before you use it.
find,VERB,Do the test to find the cause of the problem.
find,VERB,"To find damage on wires, rub a cloth along them."
find,VERB,Find the defects in the system.
find,VERB,Find the cause of the malfunction.
find,VERB,"If you find corrosion during the inspection, you must remove it."
find,VERB,"If you do not find damage, continue the inspection."
find,VERB,Find the cause of the fuel leakage.
find,VERB,Use talcum powder to find external leaks.
find,VERB,"If you find corrosion in this area, do repair scheme no. 3."
find,VERB,Find the broken wire.
flammable,ADJ,Keep the flammable materials at a minimum distance of 50 feet from the work area.
flammable,ADJ,Toluene is very flammable.
flat,ADJ,The surface must be flat to get a correct bond.
flat,ADJ,Make sure that you do not cause the tubes to become flat.
flow,NOUN,"If you turn the handle to ""full"", there will be a strong flow of water from the outlet."
flow,NOUN,The flow of fluid through the valve must be continuous.
flush,VERB,Flush the filter with hot water.
flush,VERB,Flush the pipes with water.
focus,NOUN,Put the optical fixture into focus.
fold,VERB,Fold the material.
force,NOUN,Do not tighten the bolts with too much force.
force,NOUN,Do not put too much force on the ducting.
force,NOUN,"To prevent damage to the carpet when you clean it, do not use too much force on the brush."
force,NOUN,Do not move the control wheel with too much force.
forward,ADJ,The forward movement of the control lever must be slow and continuous.
forward,ADV,"When you install the antenna, the alignment arrow must point forward."
free,ADJ,The bushings must be free to turn.
freely,ADV,Make sure that the valves move freely.
freely,ADV,Make sure that the valve spindle moves freely.
frequently,ADV,"If the failure occurs frequently, do a system test."
from,ADP,The fumes from this material are dangerous to the skin.
full,ADJ,Extend and retract the actuator through three full cycles.
full,ADJ,Do a full inspection of the fairing.
full,ADJ,Make a scan of the full range of the frequencies available.
full,ADJ,"If the flap travel is not full, adjust the rods again."
full,ADJ,Do a full check of the hydraulic system.
full,ADJ,Do the full procedure.
fully,ADV,Make sure that the latch is fully engaged.
fully,ADV,Let the first layer of paint dry fully before you apply the second layer.
fully,ADV,The system is fully automatic.
fully,ADV,Dry the surface fully.
fully,ADV,The system is fully automatic.
fume,NOUN,Fuel fumes are flammable.
function,NOUN,These functions open the applicable graphic device.
function,VERB,The function of this special tool is to remove the bushing.
galling,NOUN,There must be no scratches or galling on the worn surface.
gas,NOUN,The tool cylinder contains a mixture of gases (10% helium and 90% nitrogen.
gas,NOUN,Heat will change this solvent to a gas.
get,VERB,Set the control to get maximum thrust.
get,VERB,The computer gets this data from five sensors.
get,VERB,"To get the correct value, set the switch to position 2."
get,VERB,Remove the cover assembly to get access to the lamp assembly.
get,VERB,Get access to the connectors at the rear of the instrument.
get,VERB,Add 0.05 mm to get the correct clearance for a standard spherical coupling.
get,VERB,"When you get the correct pressure, close the valve."
get,VERB,Get medical aid immediately.
get,VERB,"If you get fluid in your eyes, get medical aid."
give,VERB,Give the different maintenance tasks to the technicians.
give,VERB,Give a code to each connector.
give,VERB,This section gives the procedures for the leak test of the system.
give,VERB,Give the technician sufficient protective clothing.
give,VERB,The repair limits are not given because special equipment is necessary.
give,VERB,This section gives you the procedures necessary to do the faults.
give,VERB,The table that follows gives the data.
give,VERB,This section gives the procedures for the test.
give,VERB,The table gives the maximum tolerance for the hole.
"give (v), refer",VERB,This section gives the removal/installation instructions.
given,ADJ,This point is given on the graph.
go,VERB,"Before you start the engine, make sure that all persons go away from the danger area."
go,VERB,The turnbuckle goes through a hole in the bulkhead.
go away,VERB,Go away from the exhaust area before the engine starts.
go into,VERB,Install caps on the receptacles to make sure that unwanted material does not go into the receptacles.
good,ADJ,This material gives good protection from corrosion.
good,ADJ,This is a good procedure to remove paint.
gouge,NOUN,"If a gouge occurs in the blade during removal, replace the blade."
gradually,ADV,Increase the temperature gradually.
gradually,ADV,Gradually adjust the temperature.
gradually,ADV,Gradually torque the nut.
gradually,ADV,Torque the bolts gradually.
graduation,NOUN,Measure the dimensions with a metal rule with graduations in millimeters.
graph,NOUN,Make a graph of the test results.
grease,NOUN,Remove the grease from the faying surface with solvent.
ground,NOUN,Make sure that the electrical supply goes to ground.
ground,VERB,Make sure that the fuel tanks are correctly grounded.
guard,NOUN,Make sure that the guards are installed on the switches.
gust,NOUN,Do not open the cargo door if there are sudden gusts of wind of more than 50kph.
half,NOUN,Make sure that the pitch decreases to half its value.
hang,VERB,Hang the element in a bath of solvent.
hard,ADJ,Let the adhesive become hard.
have,VERB,The valve assembly has these parts:
have,ADJ,Each antenna has three parts.
have,VERB,The main landing gear doors have steps for access to the landing gear bay.
have,VERB,Be careful when you move jet pipes or exhaust cones that have insulating blankets.
have,VERB,These nuts have a flat flange.
haze,NOUN,"If there is haze, do not do the test."
hear,VERB,"If you cannot hear the alarm, adjust the volume control."
help,VERB,Apply sand to the planks to help the tire traction.
help,VERB,Keep the data to help you with subsequent procedures.
help,VERB,Identify the component with a code that will help you to install it again correctly.
help,VERB,Record the lockwire positions. this will help you during the assembly procedure.
hit,VERB,The fueling hose must not hit the edge of the tank.
hit,VERB,Make sure that the servicing cart does not hit the aircraft.
hit,VERB,Do not let the vibrator tool hit the surface of the seal.
hit,VERB,"If you install the upper drag strut with the head down, it will hit the lower drag strut during retraction."
hit,VERB,"If you install the upper drag strut with the head down, it will hit the lower drag strut during retraction."
hit,VERB,Hit the clamp on the right side with a hammer.
hit,VERB,Make sure that the sling does not hit the fuselage skin.
hold,VERB,Hold the handle.
hold,VERB,Hold the jack body tightly while you turn it.
hold,VERB,Hold the handle lightly with one hand.
hold,VERB,Make sure that you hold the rod tightly.
hold,VERB,Hold the hoses.
hold,VERB,Hold the switch and remove the screws.
hole,NOUN,Fill the hole with resin.
hole,NOUN,Make sure that you do not make a hole in the bladder.
holes,NOUN,Examine the membrane for holes.
holes,NOUN,Examine the membrane for holes.
hum,NOUN,Adjust the potentiometer until you no longer hear a hum from the loudspeaker.
ice,NOUN,Remove the ice from the aircraft.
identify,VERB,Identify the cables with a code.
identify,VERB,Identify the assembly with the correct color.
identify,VERB,Letters identify the wire segments.
identify,VERB,Identify the component with a code to help you to install it again correctly.
identify,VERB,Identify the component with a code to help you to install it again correctly.
idle,NOUN,Operate the engine at idle for 20 minutes.
if,SCONJ,"If there is a fire, operate the crash switches."
if,SCONJ,The tension of the cables decreases if the temperature increases.
if,SCONJ,"If the pressure decreases suddenly, close the valve."
if,SCONJ,"If a replacement is available, replace the damaged fairing."
if,SCONJ,"If a new component is installed, you can continue the operation."
if,SCONJ,This limit is applicable if the aircraft is on the landing gear or on jacks.
ignition,NOUN,"Fuel goes through the atomizers into the combustion chamber, where ignition occurs."
ignore,VERB,"Do the generator drive test, but ignore steps 16 thru 20."
immediately,ADV,Make sure the speedbrake retracts immediately.
immediately,ADV,Keep the ring immediately above the jack collars.
immediately,ADV,Use a fire extinguisher immediately if there is fuel leakage.
immediately,ADV,Get medical aid immediately.
important,ADJ,It is important to keep all parts clean during this procedure.
important,ADJ,This procedure is very important.
important,ADJ,Virus contamination is an important problem.
important,ADJ,This procedure is important for the correct operation of the unit.
important,ADJ,It is very important to set the indicator back to zero after the test.
in,ADP,"If there are metal particles in the sample solids, replace the pump."
in,ADP,Connect the supply union in the aircraft.
in,ADP,Move the door in and rearward.
in,ADP,A filter prevents contamination of the components in the system.
in progress,ADV,Database synchronization is in progress.
incessantly,ADV,The instrument will constantly show this value.
include,VERB,This procedure includes the instructions to remove the constant speed drive (csd).
include,VERB,The elevator and aileron cables are not included in the procedure.
include,VERB,"We included this diode to prevent incorrect autopilot ""off"" signals."
incorrect,ADJ,Make sure that there are no incorrect indications on the instruments.
incorrect,ADJ,Incorrect adjustment of the stop bolts at the rudder pedals can cause damage.
incorrect,ADJ,Identify the bellcrank and shaft with marks to prevent incorrect installation.
incorrectly,ADV,"If the sleeve is incorrectly attached, adjust it."
incorrectly,ADV,"If the hinge is incorrectly adjusted, you cannot close the panel."
incorrectly,ADV,Damage can occur if the hoses are incorrectly installed.
increase,VERB,A higher temperature increases the speed of evaporation.
increase,VERB,The tire wear increases with high speed.
increase,VERB,A mixture of water and methanol increases the power of the engine.
increase,VERB,Increase the diameter of the rivet hole.
increase,VERB,The result is that the temperature increases.
increase,VERB,Strong winds will increase the risk of damage.
increase,VERB,The temperature must increase.
increase,VERB,Do not try to increase the length of this rod.
increase,VERB,"If the dimension of the crack increases, the part can break."
increase,VERB,"When a fire starts, the temperature increases and causes the detector to operate."
increase,VERB,Use a pump to fill the strut with fluid until the pressure increases.
increase,VERB,Increase the airflow.
increment,NOUN,Turn the adjuster counterclockwise in increments of 60 deg.
independently,ADV,This unit operates independently.
indication,NOUN,Replace the valve if there is an indication of a leak.
indication,NOUN,Makesure that the exhaust from the ground cart does not cause an incorrect indication.
inflate,VERB,Inflate the tire again.
initial,ADJ,The slide goes back to its initial position.
injury,NOUN,Be careful when you cut lockwire. it can cause injury to your eyes.
injury,NOUN,"Be careful when you do this procedure. if the unit falls, it can cause injury to personnel."
injury,NOUN,Make sure that the end of the safety wire cannot cause injury to personnel.
inner,ADJ,Clean the inner surface of the container.
inner,ADJ,Paint the inner surfaces of the pump assembly.
inner,ADJ,Measure the inner diameter of the hole.
inspection,NOUN,Do an inspection of the damage area.
install,VERB,Install the shutoff valves on each hp manifold.
install,VERB,Install the duct.
install,VERB,Install the spring in the cartridge.
install,VERB,Install the manifold.
install,VERB,Install the linkage again.
install,VERB,Install the cover again after you adjust the unit.
install,VERB,Install the o-ring.
install,VERB,The trim control knob is installed on the control pedestal.
installation,NOUN,Only approved personnel can do the installation procedure.
instruction,NOUN,This procedure gives the instructions to attach the pylon.
intensity,NOUN,Operate the dimmer switch and make sure that the intensity of the light changes.
intensity,NOUN,Set the intensity to the minimum.
interchange,VERB,Interchange the no.1 and no.2 computers. then do the test again.
interchange,VERB,Interchange the computers 1 and 2. then do the test again.
internally,ADV,Examine the wing tank internally.
intersection,NOUN,Drill a hole at the intersection of the two lines.
interval,NOUN,An interval of 5 minutes is necessary before you continue the test.
interval,NOUN,Send reports to the authorities at intervals of three months.
irregular,ADJ,The operation of the compass is irregular.
isolate,VERB,You must isolate system no. 1 to do the leakage checks.
jack,NOUN,Do not lift the aircraft on jacks if the wind speed is more than 20 mph.
keep,VERB,Keep the vent valves open.
keep,VERB,Keep the fluid temperature at 70â° f.
keep,VERB,Keep the plug.
keep,VERB,Keep the o-rings.
keep,VERB,Keep the cartridges in a safety area.
kill,VERB,High voltages can kill you.
kill,VERB,High voltage in the electronic system can kill you.
kill,VERB,The electrical discharge from these power units can kill you.
kink,NOUN,Do not make kinks in the cables.
know,VERB,All personnel must know the effect.
know,VERB,All personnel must fully know the safety precautions.
landing,NOUN,"After a heavy landing, do the heavy landing inspection."
large,ADJ,Clean your skin with a large quantity of clean water.
large,ADJ,Install the larger bolts.
large,ADJ,Clean your skin with a large quantity of water.
large,ADJ,A large quantity of compound is necessary.
large,ADJ,Apply a large quantity of sealant to the repair patch.
large,ADJ,A large quantity shows an incorrect adjustment of the float switch.
large,ADJ,"To remove the paint stripper, flush the surface with large quantities of water."
large,ADJ,Clean the window with large quantities of water and soap.
large,ADJ,Apply a large quantity of the solution.
last,ADJ,The last step will open the valve.
layer,NOUN,Apply a layer of sealant pr 1440 b2 on the surface.
layer,NOUN,Apply a layer of grease to the battery cables.
layer,NOUN,The metal has a layer of plastic on it to prevent corrosion.
layer,NOUN,Apply a layer of the compound on the surface of the disc.
leak,NOUN,"If there are leaks in the system, repair them."
leakage,NOUN,Clean the areas where there is hydraulic fluid leakage.
leakage,NOUN,"If there is fuel leakage from the couplings, repair them."
left,ADJ,"Set the left switch to ""on""."
left,ADJ,Remove the wing tip brake fromthe left wing.
let,VERB,Different lengths of studs let you attach different thicknesses of skin.
let,VERB,Open the valve to let nitrogen go into the oleo strut.
let,VERB,Do not let the cable touch the floor.
let,VERB,The disassembly fixture lets you disassemble the module.
let,VERB,Do not let the fluid touch you.
let,VERB,Do not let the door open.
level,ADJ,Make the aircraft level.
lift,VERB,Lift the module into position.
lift,VERB,Do not lift the cover more than necessary.
limit,NOUN,Make sure that the clearance is in the limits.
limit,NOUN,"When you lift the aircraft on jacks, keep the center of gravity between these limits:"
liquid,ADJ,Add solvent to make the paint more liquid.
listen,VERB,Listen to make sure that the fluid flows.
load,NOUN,Put a load of 10 lbs. on the spring.
location,NOUN,Make sure that the fire extinguishers are in their correct locations before you start the engine.
lock,VERB,Lock the turnbuckle on the control rod with a clip.
lock,VERB,Lock the switches with wire.
long,ADJ,Motor operation for a long time can cause damage to it.
look,VERB,Look along the skin.
look,VERB,"The bolt will be in the 2 o'clock position, as seen from the rear."
loop,NOUN,Make a loop of wire around the unit.
loosen,VERB,Do not loosen the nut to align it.
lubricate,VERB,Lubricate the v-clamp with grease before you install it.
lubricate,VERB,Lubricate the linkage with oil.
lubricate,VERB,The screwjack is lubricated before delivery.
magnetic,ADJ,Do not use magnetic tools to adjust the compass.
make,VERB,Make a list of the necessary tools.
make,VERB,Cut the bracket to make a clearance.
make,VERB,"If the holding fixture is not available, make a support from the shipping container."
make,VERB,Make a line on the blade.
make,VERB,Use copper to make the chill block.
make,VERB,You can make the clearing tool locally.
make,VERB,Make the system electrically safe.
make a plot,NOUN,Make a plot of these points.
make sure,VERB,Make sure that you remove all tools and equipment.
make sure,VERB,Make sure that the light is off.
make sure,VERB,Use ferrules to make sure that the location is correct.
make sure,VERB,Make sure that it is safe to supply electrical power.
make sure,VERB,"If possible, do an engine ground run to make sure that you get the same indications."
make sure,VERB,Make sure that the correct seals are installed.
make sure,VERB,This step makes sure that the fuel pump operates correctly.
make sure,VERB,Do a test of the unit to make sure that there is no problem with its operation.
make sure,VERB,Make sure there is no aerospace ground equipment in the area.
make sure,VERB,Make sure that the valve is open.
make sure,VERB,Make sure that the fittings are tight.
mandatory,ADJ,"Before you put new oil in the system, it is mandatory to replace the filter."
mark,NOUN,A red mark on the pin identifies the lubrication point.
material,NOUN,Remove the glossy material from the surface of the blade.
material,NOUN,Wash primer is a dangerous material.
material,NOUN,The primer contains a material to prevent corrosion.
maximum,ADJ,Fill the container to the maximum level.
measure,VERB,Measure the distance between the fuselage and the krueger flap.
metal,NOUN,Examine the filter for metal particles.
method,NOUN,This method gives the best results.
middle,ADJ,Put the lever in the middle position.
middle,ADJ,Put the throttle lever in the middle position.
minimum,ADJ,The minimum time between checks is two minutes.
minimum,ADJ,Repair the area with the minimum damage first.
minimum,ADJ,The minimum time between checks is two minutes.
minimum,NOUN,Use a trestle to keep the loads on the wing to a minimum.
mix,VERB,Mix the colors.
mix,VERB,Mix the water and the glycol.
mix,VERB,Mix the primer with solvent.
mix,VERB,Mix the bonding material with a spatula.
mixture,NOUN,The potlife of the mixture is approximately 4 hours.
moderate,ADJ,Apply moderate pressure.
moist,ADJ,Remove all loose dirt from the seat with a moist cloth.
moist,ADJ,Make the cloth moist with solvent.
momentarily,ADV,Put the element into the solvent momentarily.
momentarily,ADV,Make sure that the speed increases momentarily.
monitor,VERB,Monitor the radio altimeter indicator.
monitor,VERB,Monitor the temperature.
monitor,VERB,Monitor the speed indication continuously until the end of the test.
moor,VERB,"If strong winds occur, moor the aircraft."
more,ADJ,This chapter gives more information about safety.
more,ADJ,This material gives more protection.
more,ADJ,"If necessary, add more gaskets."
more,ADJ,"If it is necessary to decrease the cable tension more, use the turnbuckle."
move,VERB,Move the panel into position.
move,VERB,Move the equipment to a safe area.
move,VERB,The bars move to the right side.
move,VERB,The piston moves the fluid.
move,VERB,Do not move the timing when you install the distributor.
move,VERB,The horizon bar can move a small distance.
move,VERB,The actuator moves to zero.
move,VERB,"If you do not install the rigging pin, the elevators will move down when there is no pressure in the system."
move,VERB,Move the actuator with a hoist.
move,VERB,Move the flexible pipe to get access to the bottom bolts.
move,VERB,Move the flaps to the full down position.
move,VERB,Move the lever forward.
move,VERB,Move the throttle quickly to the idle position.
move,VERB,Move the computer horizontally to prevent damage.
move,VERB,Move the carriage along the flap track.
move,VERB,Make sure that the pins do not move out of the notch.
move,VERB,"If the flap controls do not move easily, do a check of the flap control system."
move,VERB,Move the shock absorbers into position.
move,VERB,Move the couplings to the new unit.
move off,VERB,"Before you move the ailerons, tell all persons to move off the wings."
movement,NOUN,Remove all the rigging pins and equipment that prevent free movement of the control surfaces.
movement,NOUN,Make sure that the stabilizer movement continues.
movement,NOUN,Make sure that the rate of movement of fuel from the wing tanks to the center tank is equal.
must,VERB,For this procedure you must use special tools.
must,VERB,You must use ear protection when you are near an engine that is in operation.
must,VERB,Holes must not have sharp edges.
must,VERB,Personnel must use protective clothing.
near,ADP,"When person b is in the fuel tank, person a must be near the tank."
near,ADP,Do not use methyl ethyl ketone near flames or sparks.
near,ADP,Put the clinometer near the fuselage centerline.
near,ADP,"When you do work in a fuel tank, a person must be near the tank at all times."
near,ADP,Do not do maintenance procedures near an engine that is in operation.
near,ADP,Make sure that solvents are not near the engine exhaust.
necessary,ADJ,Add the necessary quantity of oil.
necessary,ADJ,Hydraulic power is not necessary.
necessary,ADJ,Removal of the cover is necessary.
necessary,ADJ,Make sure that it is not necessary to replace the backing rings.
necessary,ADJ,"If necessary, install clean filters."
neutral,ADJ,Make the electrolyte neutral with vinegar or boric acid.
new,ADJ,Use new adhesive tape.
new,ADJ,Fill the tank with new oil.
no,ADJ,Make sure that there are no metal particles in the oil.
no,ADJ,Make sure that there is no dust on the surface.
noise,NOUN,"If there is noise when the pump operates, examine the filter for metal particles."
none,PRON,"If none of the brackets are damaged, continue the procedure."
not,ADV,"In these conditions, the mechanical and electrical pitch trim systems will not operate."
not easily,ADV,"If you cannot install the rigging pin easily, adjust the length of the rod."
not easily,ADV,"If you cannot remove the bolt easily, apply penetrant oil."
not sufficient,ADJ,Damage can occur to the pump if there is not sufficient oil in the reservoir.
not sure,ADJ,"If you are not sure if the unit is serviceable, do a standard serviceability test (sst)."
number,NOUN,Apply a small quantity of oil on the threads of the bolts.
obey,VERB,You must obey these instructions.
obey,VERB,Personnel must obey this procedure.
obey,VERB,All personnel must obey the safety precautions.
obey,VERB,Obey the instructions in the test procedure.
object,NOUN,Make sure that there are no loose objects in the engine air intakes.
occur,VERB,"If an accident occurs, get medical aid."
occur,VERB,"If the symptoms occur again, do a system test."
off,ADJ,Make sure that the system is off before you drain the fuel.
oil,NOUN,Use a solution that contains no oil.
on,ADJ,"When the system is on, you will get a report."
on,ADP,Put the ohmmeter on a flat surface.
one,NOUN,Remove one of the four bolts.
one,NOUN,Push the pushbutton switch one time.
one,NOUN,"One crack, 0.50 inch long, is permitted."
one after the other,NOUN,"Do not do more than three starts, one after the other."
one after the other,NOUN,You must do these steps one after the other.
one more,NOUN,Install one more washer on the line.
one of the two,NOUN,"If there is mercury contamination in one of the two compartments, clean the area immediately."
one of the two,NOUN,Apply electrical power to one of the two solenoids.
only,ADV,"If the damage is only to the middle treads, the tire is serviceable."
open,VERB,"When the relief valve opens, the pressure decreases."
open,VERB,"If the circuit breaker opens, de-energize the circuit."
open,VERB,Open the circuit breaker.
opening,NOUN,Get access to the control unit through the opening in the side of the tank.
operate,VERB,Operate the actuator through three cycles.
operate,VERB,The elevator controls must operate smoothly.
operate,VERB,Make sure that the valve can operate.
operate,VERB,Operate the unit again.
operate,VERB,Operate the engine at 100% thrust.
operate,VERB,The alarm bell operates.
operation,NOUN,Monitor the operation of the steering motor.
operation,NOUN,Keep your hands away from the blade when the motor is in operation.
opposite,ADJ,The reset device operates in the opposite direction.
opposite,ADJ,Make sure that the two opposite v-grooves align with the rails.
opposite,ADJ,Move the rod in the opposite direction.
other,ADJ,Remove the tools and other related items.
out,ADV,Move the door out and forward.
out of,ADP,Make sure that new grease comes out of the joint.
overhaul,NOUN,Do an overhaul of the no. 2 engine.
overlap,NOUN,Make an overlap of 10 mm.
paint,VERB,Paint all the surfaces again.
part,NOUN,The pin is a part of the pump.
particle,NOUN,Examine the filter element for metal particles.
particle,NOUN,"If there are metal particles in the oil filter, examine the filter element for wear."
particle,NOUN,Remove all the metal particles.
particle,NOUN,Remove all particles of dust from the lens.
permitted,ADJ,A value of 2 mm is permitted.
permitted,ADJ,The maximum permitted difference is 5 mm.
permitted,ADJ,Equivalent materials are also permitted.
person,NOUN,Make sure that a second person is available.
persons,NOUN,Keep all persons out of the work area.
piece,NOUN,Remove all the pieces of the damaged seal.
placard,NOUN,Install a placard before you start the test.
point,VERB,Do not point the hose at persons.
point,VERB,Point the open end of the drain hose away from the structure.
point,VERB,"When you install the pitot head, make sure that the opening points forward."
point,VERB,Point the aircraft in the direction of the wind.
point,VERB,Make sure that the bolt heads point to the rear.
point,NOUN,"Before you make the hole, make sure that the point of the drill bit is sharp."
poisonous,ADJ,The compound is poisonous.
position,NOUN,Make sure that the covers are in position.
possible,ADJ,"If it is possible that the temperature will decrease to -20 degrees c, remove the batteries."
possible,ADJ,Use the manual procedure if it is not possible to use the automatic control.
possible,ADJ,"If bad weather is possible, moor the aircraft safely."
possible,ADJ,"If possible, do the inspection in daylight."
possible,ADJ,Put barriers around all the possible danger areas.
possible,ADJ,"If you do not safety the door, it is possible that strong winds will cause damage to the structure."
precaution,NOUN,Obey the safety precautions when you do work with high voltages.
precaution,NOUN,Obey these precautions.
precision,NOUN,The precision of the adjustment can change.
precision,NOUN,The precision of this adjustment is important.
prepare,VERB,Prepare the mixture 20 minutes before you use it.
prepare,VERB,Make sure that the control system is prepared for operation.
prepare,VERB,Prepare the removal kit for the removal of the strut.
preservation,NOUN,Do the procedure for preservation of carbon steel cables.
pressure,NOUN,Release the pressure from the hydraulic system.
pressurize,VERB,Pressurize the tank again.
prevent,VERB,"If the microswitch becomes unserviceable, do the deactivation procedure of the actuator to prevent damage to the valve."
prevent,VERB,Turn the controls slowly to prevent damage.
prevent,VERB,Strong winds can prevent the correct deployment of the escape slides.
prevent,VERB,Scratches can prevent the free movement of the piston in the sleeve.
prevent,VERB,"At full thrust, the brakes must prevent movement of the aircraft."
prevent,VERB,The protective paint will prevent corrosion for six months.
prevent,VERB,Prevent movement of the assemblies when you repair the unit.
prevent,VERB,Alodine prevents corrosion.
prevent,VERB,This prevents corrosion.
prevent,VERB,Put a warning notice on the panel to prevent operation of the controls.
prevent,VERB,Use cellophane to prevent damage to the surface.
prevent,VERB,Put on goggles to prevent injury to your eyes.
primary,ADJ,The primary cause of valve failure is contamination of the hydraulic fluid.
primary,ADJ,The primary function of the power unit is to supply electrical power.
primary,ADJ,The primary function of the hydraulic pressure system is to supply pressure for the operation of the flight controls.
primary,ADJ,This is the primary function of the system.
probe,NOUN,Use a probe to find the blockage in the tube.
procedure,NOUN,Use this procedure to do the task.
procedure,NOUN,It is standard procedure to tighten the bolts in this sequence.
procedure,NOUN,The assembly procedures are almost the same.
procedure,NOUN,Do not use other procedures to replace the unit.
property,NOUN,The properties of these sealants prevent corrosion.
protection,NOUN,"When you remove the cover, the contacts have no protection."
pull,VERB,Pull the wires through the conduit.
pump,NOUN,Close the valve before you remove the oil with a pump.
push,VERB,Push the button and then release it.
push,VERB,Push the clip out to remove it.
push,VERB,Push and hold the test button.
put,VERB,Put the components in this sequence:
put,VERB,Put the wire through the conduit.
put,VERB,Put the cable through the grommet.
put,VERB,Put the sling on the shackle.
put,VERB,Put oil into the gearbox with a syringe.
put,VERB,Put the corrosion preventive oil into the pump with a syringe.
put,VERB,Put the sleeve into the opening.
put,VERB,Put covers on the floor.
put,VERB,Put the teleflex cable through the bulkhead.
put,VERB,Put the simulated fairing in position.
put,VERB,Put the assembly into the box.
put,VERB,Put the manifold in position.
put,VERB,Put the bracket on the frame.
put,VERB,Put the mixture into the cylinder.
put,VERB,Put caps on the end fittings.
put,VERB,Put the assembly back in the box.
put,VERB,Put the fueling hose along the ground.
put,VERB,Put a person near the fuel tank.
put,VERB,Put the filter element into the fluid.
put,VERB,Put tape on the roller.
put,VERB,Put the headstrap into the face piece.
put,VERB,Put the part in oil paper.
quantity,NOUN,Remove large quantities of contamination.
quantity,NOUN,Make sure that the quantity of fuel in the tank is not more than 500 liters
quantity,NOUN,Apply a small quantity of grease.
quickly,ADV,"Rub the surface quickly with a soft, dry cloth."
quickly,ADV,Do not let the cabin altitude change too quickly.
quickly,ADV,Make sure that the rod does not move quickly.
quickly,ADV,Turn the aileron control wheel quickly counterclockwise.
quickly,ADV,Pull the cables quickly to disengage them.
read,VERB,Make sure that you can read the identification plates.
rear,ADJ,Disconnect the cable from the rear side of the instrument.
rear,NOUN,The control unit is at the rear.
rear,ADJ,You cannot remove the half clamp nearest to the rear.
rearward,ADV,Move the lever rearward.
recess,NOUN,Do not make a recess of more than 5 mm for the studs.
recommend,VERB,We recommend that you torque the bolts again after 50 flight hours.
recommend,VERB,It is possible to mix approved engine oils. but we recommend that you use the same approved oil from the same manufacturer.
recommend,VERB,We recommend that you refuel the aircraft outdoors.
record,VERB,Record the test results.
record,VERB,Record the compass corrections on the card.
record,VERB,"Record dimension ""a""."
record,VERB,Make sure that you can hear the recorded announcements.
refer,VERB,"To calibrate the test set, refer to the manufacturer's instructions."
refer,VERB,The illustration refers to each step.
refer,VERB,Refer to chapter 20 for the standard torque values.
reflection,NOUN,The reticle image makes a reflection on the bottom surface of the glass.
refuel,VERB,Refuel the aircraft.
reject,VERB,Reject the component if the test is not satisfactory.
related,ADJ,The related caution light must go off after 30 seconds.
related,ADJ,The procedures are related to the system test.
related,ADJ,Remove the rod end from the related pivot.
related,ADJ,Attach the cables to their related shackles.
related,ADJ,Engines 1 and 2 supply hot air to their related wings.
relation,NOUN,The center of gravity moves in relation to the loads on the wings.
relation,NOUN,The cable tension changes in relation to the temperature.
release,VERB,Release the pressure from the tanks.
release,VERB,Remove the sleeve to release the sliding tube.
release,VERB,Release the tension in the cable.
release,VERB,The switch must release.
release,VERB,Release the spring tension.
release,VERB,Release the pressure.
remaining,ADJ,Remove the remaining sealant.
remaining,ADJ,Remove the remaining sealant from the floor covering.
remaining,ADJ,Remove all the remaining grease.
remaining,ADJ,Remove the remaining grease.
remaining,ADJ,The remaining instructions are applicable only to aircraft with fuselage tanks.
remove,VERB,Blow through the tubes to remove the remaining fluid.
remove,VERB,Remove all sharp edges.
remove,VERB,Remove all sharp edges.
remove,VERB,Remove all the fuel from the fuel tanks.
remove,VERB,Use a fan to remove the gases.
remove,VERB,Remove the air from the compound with a spatula.
remove,VERB,Remove the bolt with an extractor.
remove,VERB,Do not remove too much material with the file.
remove,VERB,Remove unwanted material from the system.
remove,VERB,Find the part of the barrel that you can remove.
remove,VERB,Remove the filter from the solvent.
remove,VERB,Remove the spacers.
remove,VERB,Remove the indicator from the instrument panel.
repair,VERB,Repair damaged fabric areas.
repair,VERB,Repair the seats.
repair,NOUN,Record all repairs on the skin surface.
repair,VERB,Repair all worn surfaces.
repair,VERB,It is possible to repair this damage.
repair,VERB,Do not repair the chromic acid anodizing on the skin panel.
replace,VERB,Do not replace the self-locking nuts with plain nuts.
resistant,ADJ,The material is resistant to the fire.
result,NOUN,Tell the quality department about the results of the analysis.
result,NOUN,"If the instrument does not give a result, do a test."
retract,VERB,The aircraft has a landing gear that retracts.
right,ADJ,The fuel connector is in the right wing.
right,ADJ,"On the right wing, move the ailerons up."
risk,NOUN,"If there is a risk of leakage, put a container below the unit."
risk,NOUN,There is a risk of fire.
risk,NOUN,Obey the precautions to decrease the risk of fire.
rope,NOUN,Put ropes around the area.
rough,ADJ,Make the faying surfaces rough.
rough,ADJ,Make sure that the area of the bond is sufficiently rough.
routing,NOUN,Make sure that you do not change the wire routing.
rub,VERB,Do not let the wires rub.
safety,VERB,Safety the nuts with split pins.
safety,VERB,Safety the switches with wire.
same,ADJ,The removal procedure is the same for the two items.
same,ADJ,"Dimension ""x"" must be the same as dimension ""z""."
same,ADJ,The same procedure is applicable to the two vhf sets.
sample,NOUN,Get a sample of fuel and do a test for water contamination.
satisfactorily,ADV,Make sure that the unit operates satisfactorily.
satisfactory,ADJ,The transmission control protocol is not satisfactory for the transmission of interactive traffic.
scan,NOUN,Make a scan of the frequency band.
score,NOUN,"If the bearing race has scores, replace it."
scraper,NOUN,Use a scraper to remove the remaining sealant.
scratch,NOUN,Repair the surfaces that have scratches.
seal,VERB,Seal the hoses.
seal,VERB,Seal all the hoses.
seal,VERB,Seal the container again.
seal,VERB,Make sure that the tank is sealed.
see,VERB,"If you see discoloration, replace the part."
see,VERB,Make sure that you can see the oil level through the sight gauge.
select,VERB,Select the hydraulic system that you will pressurize.
selection,NOUN,Make a selection from the available shims to get the correct thickness.
send,VERB,Send a sample of contamination for analysis.
send,VERB,Send a report to the inspection department.
send,VERB,Send the parts through the inspection department.
send,VERB,Send the information to person b.
send,VERB,Send the part to the overhaul shop.
sequence,NOUN,Do the weighing procedure in this sequence:
sequence,NOUN,Disassemble the rotor in this sequence:
serration,NOUN,Use gloves when you touch parts with edge serrations.
serviceable,ADJ,Make sure that the other microswitch is serviceable.
serviceable,ADJ,The tire is serviceable if the cuts are smaller than 10 mm.
servicing,NOUN,Do the servicing of the fire extinguishers.
set,VERB,Set the throttle to maximum power.
set,VERB,Set the rack hooks.
set,VERB,Set the tension indicator to zero.
set,VERB,Set the indicator to a new position.
set,VERB,"Set the selector to ""system display""."
shake,VERB,Shake the solution.
shake,VERB,"If you shake the solution, do not use it for one hour."
shake,VERB,Do not shake the instruments.
shake,VERB,Do not shake the instruments.
shape,NOUN,The seal has the shape of an ellipse.
shape,NOUN,Make the patch the same shape as the cutout.
shiny,ADJ,Polish the surface with a soft cloth until it becomes shiny.
shiny,ADJ,Polish the surface until it is very shiny.
short,ADJ,"If the filters become clogged after an unusually short time, send them to the laboratory for analysis of the contamination."
show,VERB,The display shows a fault message.
show,VERB,A warning flag shows in the window
show,VERB,"When the meter shows 28 volts dc, the relay closes."
show,VERB,This shows that you can install an alternative relay.
show,VERB,The compass indicators show the headings.
show,VERB,"If the test shows no fault, continue the procedure."
show,VERB,The pointer shows zero feet.
show,VERB,Adjust the set +40 control until the pointer shows +40.
show,VERB,The suction shows as an altimeter indication.
show,VERB,"If the fuel sample shows free water, drain the system."
side,NOUN,Push the unit out and then move it to the left side.
sign,NOUN,Examine the area that is around the drain holes for signs of corrosion.
skid,NOUN,This shows that the aircraft is in a skid.
sling,NOUN,Lift the rudder into position with slings.
slope,NOUN,"If you must park the aircraft on a slope, make sure that wheel chocks are in front of the wheels."
slope,NOUN,You can adjust the slope of the ramp.
slush,NOUN,Do not tow in areas where there is slush.
small,ADJ,Only particles smaller than 5 microns can go through the filter.
small,ADJ,There is only a small number of repairs that you can do.
small,ADJ,The diameter of the tube is too small.
small,ADJ,"After you remove the nut, the rib can move down a small distance."
small,ADJ,You can ignore small differences in temperature.
small,ADJ,"If the leakage is small, torque the connection to 4.0 nm."
small,ADJ,Move the adapter a small distance forward.
smooth,ADJ,A guide rod is attached to the metal bellows disc for a smooth movement of the bellows.
smooth,ADJ,Make the tape smooth.
smoothly,ADV,Make sure that the generator operates smoothly.
smoothly,ADV,Make sure that the solenoid operates smoothly.
soak,VERB,Soak the filter elements in oil.
soak,VERB,Soak the element for four hours.
soap,NOUN,Clean with a solution of soap and water.
solid,ADJ,Do not let the foam become solid.
solution,NOUN,"If the removal of the valve was not the solution to the problem, replace the unit."
some,ADJ,Let the engine run for some minutes.
some,ADJ,Some operators tell us that there is hydraulic leakage.
source,NOUN,The source of the problem is in the fuel system.
source,NOUN,"If the valve is the source of the fuel leak, replace the valve seals."
span,NOUN,See if there are signs of movement along the span.
spark,NOUN,Put on goggles when you use electrical equipment which makes sparks.
speak,VERB,Make sure that person a can speak to person c.
speak,VERB,Speak into the microphone.
special,ADJ,Use the special tools to prevent possible damage.
specially,ADV,These materials are specially made for plastic surfaces.
specified,ADJ,Fill the hydraulic tank with the specified hydraulic fluid.
spline,NOUN,The drive shaft has splines.
stable,ADJ,Make sure that the aircraft is stable before you lift it with jacks.
stable,ADJ,Make sure that the oil pressure decreases when the temperature is stable.
stable,ADJ,Let the v-bars become stable.
stable,ADJ,"When the pressure is stable, close the valve."
stable,ADJ,Make sure that the system pressure is stable.
stable,ADJ,Make sure that the hydraulic pressure is stable.
stamp,NOUN,Put the test date on the cylinder neck with the applicable stamp.
standard,ADJ,Pull the vehicle to a safe area where you can use the standard procedures.
start,VERB,Start the motor.
start,VERB,Start the motor.
start,VERB,Increase the pressure until the flow starts again.
start,NOUN,You can get slow movement at the start.
start,VERB,The warning starts and the indicators flash.
start,VERB,"At the start of the test, monitor the results on the screen."
start,VERB,"If a fire starts, operate the fire shutoff valve."
start,VERB,Start the test at 2000 rpm.
start,VERB,Start the unit again.
start,VERB,"If there is no contamination, start the operation again."
stay,VERB,The flags must stay out of view.
stay,VERB,Stay away from surfaces that move.
stay,VERB,Make sure that the ovht light stays on.
step,NOUN,Do the steps that follow:
step,NOUN,Do not remove the pin during this step.
stop,VERB,Stop the engine start procedure.
stop,VERB,Stop the pressure flow for 10 seconds.
stop,VERB,"If the transmission stops, cancel the test."
stop,VERB,"If the pressure supply stops, cancel the test."
stop,VERB,The warning stops at 17 deg.
stop,VERB,The warning bell and the horn must start and then stop again.
stop,VERB,Stop the test procedure.
stop,VERB,Stop the test.
stop,VERB,"If you hear an unusual noise, stop the procedure."
stop,VERB,Do not stop the test.
stop,VERB,Stop the engine.
stop,VERB,Stop the alarm bell.
stop,VERB,Stop the unit after 5 min.
stop,VERB,Stop the test after 2 seconds.
straight,ADJ,Do not try to make the bends in the cable straight.
strap,NOUN,Use a strap to attach the cables to the structure.
stripe,NOUN,The flag has red and white stripes.
strong,ADJ,Carbon-fiber struts make the floor structure stronger.
structure,NOUN,The wing structure gives maximum fuel capacity.
suction,NOUN,Use suction to remove the unwanted material.
sudden,ADJ,The damper prevents sudden movement of the control.
sufficient,ADJ,Supply containers of sufficient capacity and diameter.
sufficient,ADJ,Make sure that there is sufficient pressure in the accumulator.
sufficiently,ADV,"Where the paint is sufficiently soft, remove it with a plastic spatula."
supply,VERB,Supply air at 24c to the area.
supply,VERB,Set the rig to supply a pressure of 800 kpa.
supply,VERB,A centrifugal pump supplies hydraulic fluid to the unit.
supply,VERB,The fuel supply is from the collector tanks.
supply,VERB,The hydraulic system supplies power to the actuators.
support,NOUN,Put a support below the item
sure,ADJ,"If you are not sure that the results are correct, do the test again."
swallow,VERB,"If you swallow hydraulic fluid, get medical aid immediately."
switch,NOUN,"Set the nav 1 switch to ""on""."
synchronized,ADJ,Make sure that the movement of the two surfaces is synchronized.
synchronized,ADJ,Make sure that compass system 1 and compass system 2 are synchronized.
tacky,ADJ,Put the patch on the surface when the cement is tacky.
tape,NOUN,Put the foil in position and attach it with adhesive tape.
tell,VERB,"Tell person ""b"" that the brakes are set."
tell,VERB,Tell all personnel to go away from the area.
tell,VERB,Tell two persons to be prepared to operate the fire extinguishers.
tell,VERB,Tell person b to make sure that the switch is off.
tell,VERB,Tell person a to remove the chocks.
tell,VERB,Tell all personnel not to smoke near the fuel tanks.
tell,VERB,"Tell person b to set the switch to ""off""."
tell,VERB,These checks are more than the caa tells you to do.
tell,VERB,Tell the ground crew that you will operate the system.
tell,VERB,Tell the engine manufacturer about the problem.
tell,VERB,"If you find cracks, tell the chief inspector."
tell,VERB,Tell all personnel to go out of the maintenance area.
tell,VERB,Tell the fire service to help you.
tell,VERB,Tell the fire service to help you.
tell,VERB,"Unless the manufacturer's instructions tell you differently, do the procedure that follows."
tell,VERB,Tell the chief about the results.
tell,VERB,Tell personnel to stay away from the conveyor system.
temperature,NOUN,Increase the temperature of the oil to 40â°c.
temperature,NOUN,Increase the temperature of the area with a heat lamp.
tension,NOUN,Make sure that the tension of the control cables is correct.
tension,NOUN,Make sure that the tension in the control cables is correct.
tension,NOUN,Release the tension in the control cables.
tension,NOUN,Make sure that the tension in the cables is correct.
tension,NOUN,Make sure that the tension of the cables is correct.
tension,NOUN,Adjust the tension of the cables to the correct value.
test,NOUN,Do a functional test of the warning system.
that,PRON,Use the adhesive that is available.
the two,NOUN,Attach the two ends of the hose.
then,ADV,Do the pilot's instrument test and then the copilot's test.
then,ADV,Do this step first. then disconnect the the cables.
then,ADV,Then remove the bolt.
these,ADJ,Make sure that these circuit breakers are closed.
think,VERB,"If you think that you can repair the damage, refer to the repair section."
think,VERB,"If you think the indication is not correct, do the test again."
think,VERB,"If you think that a tire has low pressure, do the steps that follow:"
think,VERB,Remove the valve that you think is unserviceable.
think,VERB,"If you think that the hydraulic pump does not operate correctly, examine the pump."
thread,NOUN,Put the end of the rod that has a thread in the fitting.
three,NOUN,Apply three layers of primer.
through,ADP,"If the scratch does not go through the protective layer, the unit is serviceable."
through,ADP,Get access through the no. 6 break-in panel.
thru,ADP,Do tests 4 thru 8 again.
thus,ADV,"This torque shaft cannot move inboard. thus, before you remove it, remove the outboard torque shaft."
tightly,ADV,Hold the cylinder tightly.
tilt,VERB,"To install the indicator, tilt it rearward."
time,NOUN,Make sure that the time between starts is a minimum of 30 seconds.
time,NOUN,"When you stop the power supply, the temperature will decrease in a short time."
time,NOUN,Measure the time necessary for the pressure to decrease.
to,ADP,The arrow must point to the rear.
torque,VERB,Torque the fitting again.
touch,VERB,The bin touches the forward hinge surface.
touch,VERB,Open the door until it touches the floor.
touch,VERB,The wire must touch the rear of the contact.
touch,VERB,The tool must not touch the cable.
transmit,VERB,Transmit the data on the two channels.
transmit,VERB,These lines transmit hydraulic pressure.
travel,NOUN,"To bleed the braking system, operate the hand pump handle through its full travel."
troubleshooting,NOUN,Do the troubleshooting procedure on the vhf navigation system.
try,VERB,Try to lift the cover manually.
try,VERB,Try to find the defect.
turn,VERB,The defective engine is free to turn.
turn,VERB,The panels turn on two nylon straps.
turn,VERB,Turn the gears to align them.
turn,VERB,Slowly turn the vane.
turn,VERB,Make sure that the fan turns freely.
turn,VERB,Turn the gears to align them.
turn,VERB,Continue to turn the end fitting until it is in the correct position.
twist,VERB,Do not twist the pipe when you turn the connectors.
two,NOUN,You must see two marks on the stand.
two,NOUN,Do this procedure two times.
two...not,NOUN,The two units must not operate.
two...not,NOUN,The two units must not operate.
type,NOUN,You can use two types of sealing compound.
unsatisfactory,ADJ,"If system performance is unsatisfactory, do a test of circuit a."
unserviceable,ADJ,Make the container unserviceable to make sure that you cannot use it again.
unserviceable,ADJ,"If the pump is unserviceable, replace it."
until,ADP,Adjust the length of the rod until you get a minimum clearance of 0.1 in.
until,SCONJ,Move the lever until it touches the stop.
until,ADP,"Until this step, the unit ignores all output signals."
unusual,ADJ,Listen for unusual noises.
unusual,ADJ,"If you must apply an unusual force to open the unit, examine the control linkage."
unusually,ADV,"If the tire pressure is unusually high, open the valve."
unwanted,ADJ,"This cover will keep dirt, chips, or other unwanted material out of the system."
unwanted,ADJ,"If there are unwanted indications, do a test."
unwanted,ADJ,Remove the unwanted grease.
unwanted,ADJ,"Toprevent unwanted friction, polish the surface."
unwind,VERB,Unwind the cables carefully.
unwind,VERB,Unwind the hose.
up,ADV,Install the bolts with their heads up.
up,ADV,Install the bolts with their heads up.
up,ADV,Move the lever up.
use,VERB,Use this procedure if the unit is damaged.
use,VERB,Use the torque values given in chapter 10.
use,VERB,Use protective goggles when you do work on fire extinguishers.
use,VERB,Use the correct clothing before you go into the fuel tank.
use,VERB,Type b uses a loose collar.
use,VERB,Do not use too much solvent on the area.
use,VERB,Use a screwdriver to release the clips.
use,VERB,You can use the mixture again.
use,VERB,Use the fabric again if it is not damaged.
use,VERB,Do not use incorrect thinners. this can cause problems.
use,VERB,Use a 1/2 inch wrench to remove the cover.
use,VERB,Read the instructions that tell you how to use the oxygen mask.
use,VERB,Use an oil can to lubricate the turnbuckle.
usual,ADJ,The armed position is the usual position of the switch.
usual,ADJ,"If such failures become usual, replace the unit."
usually,ADV,You usually replace memory modules on aircraft.
usually,ADV,The switch is usually in the armed position.
very,ADV,It is very important to obey the fuel safety precautions.
very,ADV,Toluene is very flammable.
very,ADV,This step is very important.
vibration,NOUN,"If there is vibration in the unit, stop the power supply."
view,NOUN,The horizontal bar goes out of view.
view,NOUN,Turn the knob to make the display go out of view.
voice,NOUN,"If you cannot hear the voice, replace the unit."
warm,ADJ,Soak the area with warm water.
warm,ADJ,Make the mixture warm before you use it.
weak,ADJ,Use a weak soap solution to clean the sidewall panel.
weak,ADJ,There is a weak point in the strut.
weather,NOUN,Do the test in good weather.
when,SCONJ,"When you use the emergency pump, record the time of operation."
when,SCONJ,Do steps (3) thru (5). do step (6) when the aileron movement stops.
when,SCONJ,Stop the test when the pressure is more than 7000 kpa.
while,SCONJ,"While the dc supply is on, the fan must operate."
while,SCONJ,Do not open the housing while the electrical power is connected.
who,PRON,The person who is in the tank must use a respirator.
width,NOUN,The width of the material must be larger than 10 mm.
will,VERB,Identify the parts that you will install again.
wind,VERB,Wind the cables carefully.
wind,VERB,Wind the cable back on its reel.
wind,NOUN,Obey these special precautions when there are strong winds.
wire,NOUN,Attach the hose to the fixture with wire.
with,ADP,Pressurize the system to 150 bar with the hand pump.
without,ADP,"The weight of the unit, without the pump, is 10 kg."
without,ADP,The junction box is supplied without the test leads.
work,NOUN,This work is applicable to vertical installations.
work,NOUN,Do this work in a clean area.
work,NOUN,Be careful when you do work near fuel tanks.
worn,ADJ,Examine the tubing for worn areas.
write,VERB,Write the temperature on the engine record card.
write,VERB,Write the change in the logbook.
write,VERB,Write the tail number on the record form.
you,PRON,"Do not use your hands to prevent movement of the lp compressor.  If you do, the lp compressor can cause you injury and cause damage to the equipment."
zero,NOUN,Adjust the meter to zero.
